filename,file_size,file_attributes,region_count,region_id,region_shape_attributes,region_attributes
img_001.jpg,52370,"{""caption"":"""",""public_domain"":""no"",""image_url"":""""}",2,0,"{""name"":""rect"",""x"":66,""y"":53,""width"":74,""height"":125}","{""class"":""Right""}"
img_001.jpg,52370,"{""caption"":"""",""public_domain"":""no"",""image_url"":""""}",2,1,"{""name"":""rect"",""x"":232,""y"":36,""width"":68,""height"":125}","{""class"":""DownLeft""}"
img_002.jpg,50527,"{""caption"":"""",""public_domain"":""no"",""image_url"":""""}",2,0,"{""name"":""rect"",""x"":115,""y"":37,""width"":44,""height"":71}","{""class"":""Right""}"
img_002.jpg,50527,"{""caption"":"""",""public_domain"":""no"",""image_url"":""""}",2,1,"{""name"":""rect"",""x"":199,""y"":46,""width"":39,""height"":70}","{""class"":""Up""}"
img_003.jpg,54684,"{""caption"":"""",""public_domain"":""no"",""image_url"":""""}",5,0,"{""name"":""rect"",""x"":186,""y"":9,""width"":69,""height"":94}","{""class"":""Right""}"
img_003.jpg,54684,"{""caption"":"""",""public_domain"":""no"",""image_url"":""""}",5,1,"{""name"":""rect"",""x"":111,""y"":161,""width"":23,""height"":40}","{""class"":""Front""}"
img_003.jpg,54684,"{""caption"":"""",""public_domain"":""no"",""image_url"":""""}",5,2,"{""name"":""rect"",""x"":68,""y"":165,""width"":29,""height"":40}","{""class"":""Front""}"
img_003.jpg,54684,"{""caption"":"""",""public_domain"":""no"",""image_url"":""""}",5,3,"{""name"":""rect"",""x"":22,""y"":160,""width"":35,""height"":36}","{""class"":""Front""}"
img_003.jpg,54684,"{""caption"":"""",""public_domain"":""no"",""image_url"":""""}",5,4,"{""name"":""rect"",""x"":3,""y"":184,""width"":19,""height"":41}","{""class"":""Front""}"
img_004.jpg,48548,"{""caption"":"""",""public_domain"":""no"",""image_url"":""""}",1,0,"{""name"":""rect"",""x"":228,""y"":44,""width"":63,""height"":93}","{""class"":""Front""}"
img_005.jpg,43191,"{""caption"":"""",""public_domain"":""no"",""image_url"":""""}",1,0,"{""name"":""rect"",""x"":171,""y"":25,""width"":127,""height"":204}","{""class"":""Right""}"
img_006.jpg,53500,"{""caption"":"""",""public_domain"":""no"",""image_url"":""""}",4,0,"{""name"":""rect"",""x"":24,""y"":55,""width"":63,""height"":121}","{""class"":""Front""}"
img_006.jpg,53500,"{""caption"":"""",""public_domain"":""no"",""image_url"":""""}",4,1,"{""name"":""rect"",""x"":99,""y"":13,""width"":71,""height"":122}","{""class"":""Front""}"
img_006.jpg,53500,"{""caption"":"""",""public_domain"":""no"",""image_url"":""""}",4,2,"{""name"":""rect"",""x"":190,""y"":57,""width"":70,""height"":135}","{""class"":""Front""}"
img_006.jpg,53500,"{""caption"":"""",""public_domain"":""no"",""image_url"":""""}",4,3,"{""name"":""rect"",""x"":294,""y"":44,""width"":89,""height"":124}","{""class"":""Front""}"
img_007.jpg,102010,"{""caption"":"""",""public_domain"":""no"",""image_url"":""""}",1,0,"{""name"":""rect"",""x"":158,""y"":50,""width"":106,""height"":116}","{""class"":""Front""}"
img_008.jpg,75243,"{""caption"":"""",""public_domain"":""no"",""image_url"":""""}",3,0,"{""name"":""rect"",""x"":49,""y"":48,""width"":67,""height"":114}","{""class"":""DownLeft""}"
img_008.jpg,75243,"{""caption"":"""",""public_domain"":""no"",""image_url"":""""}",3,1,"{""name"":""rect"",""x"":154,""y"":19,""width"":96,""height"":192}","{""class"":""Front""}"
img_008.jpg,75243,"{""caption"":"""",""public_domain"":""no"",""image_url"":""""}",3,2,"{""name"":""rect"",""x"":294,""y"":39,""width"":66,""height"":96}","{""class"":""Right""}"
img_009.jpg,57029,"{""caption"":"""",""public_domain"":""no"",""image_url"":""""}",2,0,"{""name"":""rect"",""x"":110,""y"":94,""width"":61,""height"":119}","{""class"":""Left""}"
img_009.jpg,57029,"{""caption"":"""",""public_domain"":""no"",""image_url"":""""}",2,1,"{""name"":""rect"",""x"":204,""y"":11,""width"":85,""height"":123}","{""class"":""Left""}"
img_010.jpg,41635,"{""caption"":"""",""public_domain"":""no"",""image_url"":""""}",1,0,"{""name"":""rect"",""x"":148,""y"":78,""width"":95,""height"":140}","{""class"":""Left""}"
img_011.jpg,69010,"{""caption"":"""",""public_domain"":""no"",""image_url"":""""}",3,0,"{""name"":""rect"",""x"":326,""y"":47,""width"":46,""height"":66}","{""class"":""Left""}"
img_011.jpg,69010,"{""caption"":"""",""public_domain"":""no"",""image_url"":""""}",3,1,"{""name"":""rect"",""x"":185,""y"":90,""width"":34,""height"":52}","{""class"":""Front""}"
img_011.jpg,69010,"{""caption"":"""",""public_domain"":""no"",""image_url"":""""}",3,2,"{""name"":""rect"",""x"":45,""y"":7,""width"":42,""height"":43}","{""class"":""Back""}"
img_012.jpg,51200,"{""caption"":"""",""public_domain"":""no"",""image_url"":""""}",1,0,"{""name"":""rect"",""x"":161,""y"":17,""width"":100,""height"":180}","{""class"":""Front""}"
img_013.jpg,69310,"{""caption"":"""",""public_domain"":""no"",""image_url"":""""}",2,0,"{""name"":""rect"",""x"":185,""y"":53,""width"":54,""height"":75}","{""class"":""Up""}"
img_013.jpg,69310,"{""caption"":"""",""public_domain"":""no"",""image_url"":""""}",2,1,"{""name"":""rect"",""x"":296,""y"":145,""width"":34,""height"":56}","{""class"":""Front""}"
img_014.jpg,48518,"{""caption"":"""",""public_domain"":""no"",""image_url"":""""}",1,0,"{""name"":""rect"",""x"":161,""y"":16,""width"":110,""height"":224}","{""class"":""Left""}"
img_015.jpg,31814,"{""caption"":"""",""public_domain"":""no"",""image_url"":""""}",1,0,"{""name"":""rect"",""x"":160,""y"":14,""width"":77,""height"":112}","{""class"":""Front""}"
img_016.jpg,54581,"{""caption"":"""",""public_domain"":""no"",""image_url"":""""}",1,0,"{""name"":""rect"",""x"":158,""y"":24,""width"":88,""height"":122}","{""class"":""UpLeft""}"
img_017.jpg,71388,"{""caption"":"""",""public_domain"":""no"",""image_url"":""""}",5,0,"{""name"":""rect"",""x"":237,""y"":50,""width"":71,""height"":89}","{""class"":""Back""}"
img_017.jpg,71388,"{""caption"":"""",""public_domain"":""no"",""image_url"":""""}",5,1,"{""name"":""rect"",""x"":158,""y"":53,""width"":67,""height"":97}","{""class"":""Right""}"
img_017.jpg,71388,"{""caption"":"""",""public_domain"":""no"",""image_url"":""""}",5,2,"{""name"":""rect"",""x"":85,""y"":87,""width"":58,""height"":97}","{""class"":""Front""}"
img_017.jpg,71388,"{""caption"":"""",""public_domain"":""no"",""image_url"":""""}",5,3,"{""name"":""rect"",""x"":28,""y"":113,""width"":54,""height"":84}","{""class"":""Back""}"
img_017.jpg,71388,"{""caption"":"""",""public_domain"":""no"",""image_url"":""""}",5,4,"{""name"":""rect"",""x"":6,""y"":52,""width"":46,""height"":90}","{""class"":""Back""}"
img_018.jpg,75492,"{""caption"":"""",""public_domain"":""no"",""image_url"":""""}",4,0,"{""name"":""rect"",""x"":226,""y"":17,""width"":102,""height"":127}","{""class"":""Front""}"
img_018.jpg,75492,"{""caption"":"""",""public_domain"":""no"",""image_url"":""""}",4,1,"{""name"":""rect"",""x"":72,""y"":72,""width"":89,""height"":139}","{""class"":""Left""}"
img_018.jpg,75492,"{""caption"":"""",""public_domain"":""no"",""image_url"":""""}",4,2,"{""name"":""rect"",""x"":150,""y"":1,""width"":48,""height"":66}","{""class"":""Back""}"
img_018.jpg,75492,"{""caption"":"""",""public_domain"":""no"",""image_url"":""""}",4,3,"{""name"":""rect"",""x"":6,""y"":11,""width"":40,""height"":49}","{""class"":""Front""}"
img_019.jpg,41767,"{""caption"":"""",""public_domain"":""no"",""image_url"":""""}",1,0,"{""name"":""rect"",""x"":290,""y"":35,""width"":73,""height"":107}","{""class"":""Right""}"
img_020.jpg,36084,"{""caption"":"""",""public_domain"":""no"",""image_url"":""""}",1,0,"{""name"":""rect"",""x"":165,""y"":129,""width"":76,""height"":153}","{""class"":""Down""}"
img_021.jpg,39699,"{""caption"":"""",""public_domain"":""no"",""image_url"":""""}",1,0,"{""name"":""rect"",""x"":119,""y"":28,""width"":187,""height"":232}","{""class"":""UpRight""}"
img_024.jpg,49262,"{""caption"":"""",""public_domain"":""no"",""image_url"":""""}",2,0,"{""name"":""rect"",""x"":64,""y"":63,""width"":65,""height"":97}","{""class"":""Left""}"
img_024.jpg,49262,"{""caption"":"""",""public_domain"":""no"",""image_url"":""""}",2,1,"{""name"":""rect"",""x"":261,""y"":86,""width"":52,""height"":91}","{""class"":""Left""}"
img_025.jpg,40034,"{""caption"":"""",""public_domain"":""no"",""image_url"":""""}",1,0,"{""name"":""rect"",""x"":142,""y"":164,""width"":93,""height"":122}","{""class"":""UpLeft""}"
img_026.jpg,66538,"{""caption"":"""",""public_domain"":""no"",""image_url"":""""}",1,0,"{""name"":""rect"",""x"":158,""y"":27,""width"":137,""height"":136}","{""class"":""Right""}"
img_027.jpg,68109,"{""caption"":"""",""public_domain"":""no"",""image_url"":""""}",5,0,"{""name"":""rect"",""x"":130,""y"":58,""width"":79,""height"":126}","{""class"":""Right""}"
img_027.jpg,68109,"{""caption"":"""",""public_domain"":""no"",""image_url"":""""}",5,1,"{""name"":""rect"",""x"":17,""y"":75,""width"":61,""height"":101}","{""class"":""Right""}"
img_027.jpg,68109,"{""caption"":"""",""public_domain"":""no"",""image_url"":""""}",5,2,"{""name"":""rect"",""x"":251,""y"":56,""width"":66,""height"":72}","{""class"":""Front""}"
img_027.jpg,68109,"{""caption"":"""",""public_domain"":""no"",""image_url"":""""}",5,3,"{""name"":""rect"",""x"":251,""y"":139,""width"":60,""height"":84}","{""class"":""Front""}"
img_027.jpg,68109,"{""caption"":"""",""public_domain"":""no"",""image_url"":""""}",5,4,"{""name"":""rect"",""x"":335,""y"":80,""width"":65,""height"":106}","{""class"":""Right""}"
img_028.jpg,74849,"{""caption"":"""",""public_domain"":""no"",""image_url"":""""}",1,0,"{""name"":""rect"",""x"":296,""y"":85,""width"":77,""height"":87}","{""class"":""Front""}"
img_029.jpg,48268,"{""caption"":"""",""public_domain"":""no"",""image_url"":""""}",1,0,"{""name"":""rect"",""x"":121,""y"":38,""width"":158,""height"":218}","{""class"":""Right""}"
img_030.jpg,88506,"{""caption"":"""",""public_domain"":""no"",""image_url"":""""}",5,0,"{""name"":""rect"",""x"":194,""y"":102,""width"":77,""height"":96}","{""class"":""Back""}"
img_030.jpg,88506,"{""caption"":"""",""public_domain"":""no"",""image_url"":""""}",5,1,"{""name"":""rect"",""x"":76,""y"":100,""width"":82,""height"":103}","{""class"":""Right""}"
img_030.jpg,88506,"{""caption"":"""",""public_domain"":""no"",""image_url"":""""}",5,2,"{""name"":""rect"",""x"":318,""y"":92,""width"":54,""height"":117}","{""class"":""Left""}"
img_030.jpg,88506,"{""caption"":"""",""public_domain"":""no"",""image_url"":""""}",5,3,"{""name"":""rect"",""x"":9,""y"":134,""width"":72,""height"":104}","{""class"":""Right""}"
img_030.jpg,88506,"{""caption"":"""",""public_domain"":""no"",""image_url"":""""}",5,4,"{""name"":""rect"",""x"":275,""y"":44,""width"":45,""height"":68}","{""class"":""Front""}"
img_031.jpg,52929,"{""caption"":"""",""public_domain"":""no"",""image_url"":""""}",1,0,"{""name"":""rect"",""x"":213,""y"":12,""width"":104,""height"":157}","{""class"":""Left""}"
img_033.jpg,66641,"{""caption"":"""",""public_domain"":""no"",""image_url"":""""}",2,0,"{""name"":""rect"",""x"":135,""y"":24,""width"":85,""height"":125}","{""class"":""DownRight""}"
img_033.jpg,66641,"{""caption"":"""",""public_domain"":""no"",""image_url"":""""}",2,1,"{""name"":""rect"",""x"":235,""y"":88,""width"":70,""height"":110}","{""class"":""Right""}"
img_034.jpg,48012,"{""caption"":"""",""public_domain"":""no"",""image_url"":""""}",1,0,"{""name"":""rect"",""x"":136,""y"":30,""width"":127,""height"":173}","{""class"":""Right""}"
img_035.jpg,56691,"{""caption"":"""",""public_domain"":""no"",""image_url"":""""}",1,0,"{""name"":""rect"",""x"":258,""y"":142,""width"":82,""height"":151}","{""class"":""Left""}"
img_036.jpg,47951,"{""caption"":"""",""public_domain"":""no"",""image_url"":""""}",2,0,"{""name"":""rect"",""x"":10,""y"":25,""width"":105,""height"":169}","{""class"":""Right""}"
img_036.jpg,47951,"{""caption"":"""",""public_domain"":""no"",""image_url"":""""}",2,1,"{""name"":""rect"",""x"":268,""y"":41,""width"":124,""height"":160}","{""class"":""Left""}"
img_037.jpg,81033,"{""caption"":"""",""public_domain"":""no"",""image_url"":""""}",5,0,"{""name"":""rect"",""x"":5,""y"":63,""width"":66,""height"":80}","{""class"":""Right""}"
img_037.jpg,81033,"{""caption"":"""",""public_domain"":""no"",""image_url"":""""}",5,1,"{""name"":""rect"",""x"":184,""y"":92,""width"":47,""height"":65}","{""class"":""Front""}"
img_037.jpg,81033,"{""caption"":"""",""public_domain"":""no"",""image_url"":""""}",5,2,"{""name"":""rect"",""x"":239,""y"":91,""width"":40,""height"":68}","{""class"":""Left""}"
img_037.jpg,81033,"{""caption"":"""",""public_domain"":""no"",""image_url"":""""}",5,3,"{""name"":""rect"",""x"":300,""y"":94,""width"":49,""height"":72}","{""class"":""Front""}"
img_037.jpg,81033,"{""caption"":"""",""public_domain"":""no"",""image_url"":""""}",5,4,"{""name"":""rect"",""x"":352,""y"":61,""width"":43,""height"":67}","{""class"":""Front""}"
img_038.jpg,61338,"{""caption"":"""",""public_domain"":""no"",""image_url"":""""}",1,0,"{""name"":""rect"",""x"":167,""y"":10,""width"":98,""height"":171}","{""class"":""Front""}"
img_039.jpg,63590,"{""caption"":"""",""public_domain"":""no"",""image_url"":""""}",2,0,"{""name"":""rect"",""x"":174,""y"":25,""width"":67,""height"":73}","{""class"":""DownRight""}"
img_039.jpg,63590,"{""caption"":"""",""public_domain"":""no"",""image_url"":""""}",2,1,"{""name"":""rect"",""x"":33,""y"":133,""width"":40,""height"":40}","{""class"":""Front""}"
img_040.jpg,40998,"{""caption"":"""",""public_domain"":""no"",""image_url"":""""}",1,0,"{""name"":""rect"",""x"":154,""y"":7,""width"":92,""height"":78}","{""class"":""UpRight""}"
img_041.jpg,50985,"{""caption"":"""",""public_domain"":""no"",""image_url"":""""}",3,0,"{""name"":""rect"",""x"":224,""y"":104,""width"":78,""height"":163}","{""class"":""UpLeft""}"
img_041.jpg,50985,"{""caption"":"""",""public_domain"":""no"",""image_url"":""""}",3,1,"{""name"":""rect"",""x"":135,""y"":118,""width"":88,""height"":149}","{""class"":""Back""}"
img_041.jpg,50985,"{""caption"":"""",""public_domain"":""no"",""image_url"":""""}",3,2,"{""name"":""rect"",""x"":78,""y"":9,""width"":96,""height"":138}","{""class"":""Back""}"
img_042.jpg,56505,"{""caption"":"""",""public_domain"":""no"",""image_url"":""""}",2,0,"{""name"":""rect"",""x"":13,""y"":21,""width"":153,""height"":337}","{""class"":""Front""}"
img_042.jpg,56505,"{""caption"":"""",""public_domain"":""no"",""image_url"":""""}",2,1,"{""name"":""rect"",""x"":238,""y"":16,""width"":153,""height"":328}","{""class"":""Front""}"
img_044.jpg,80084,"{""caption"":"""",""public_domain"":""no"",""image_url"":""""}",2,0,"{""name"":""rect"",""x"":135,""y"":53,""width"":66,""height"":89}","{""class"":""Right""}"
img_044.jpg,80084,"{""caption"":"""",""public_domain"":""no"",""image_url"":""""}",2,1,"{""name"":""rect"",""x"":246,""y"":75,""width"":58,""height"":81}","{""class"":""Right""}"
img_045.jpg,39793,"{""caption"":"""",""public_domain"":""no"",""image_url"":""""}",1,0,"{""name"":""rect"",""x"":190,""y"":71,""width"":67,""height"":117}","{""class"":""UpLeft""}"
img_046.jpg,64406,"{""caption"":"""",""public_domain"":""no"",""image_url"":""""}",1,0,"{""name"":""rect"",""x"":239,""y"":10,""width"":79,""height"":149}","{""class"":""Left""}"
img_047.jpg,45441,"{""caption"":"""",""public_domain"":""no"",""image_url"":""""}",1,0,"{""name"":""rect"",""x"":234,""y"":4,""width"":92,""height"":97}","{""class"":""Left""}"
img_048.jpg,45335,"{""caption"":"""",""public_domain"":""no"",""image_url"":""""}",1,0,"{""name"":""rect"",""x"":133,""y"":6,""width"":134,""height"":167}","{""class"":""Down""}"
img_049.jpg,51106,"{""caption"":"""",""public_domain"":""no"",""image_url"":""""}",2,0,"{""name"":""rect"",""x"":30,""y"":5,""width"":148,""height"":216}","{""class"":""Left""}"
img_049.jpg,51106,"{""caption"":"""",""public_domain"":""no"",""image_url"":""""}",2,1,"{""name"":""rect"",""x"":237,""y"":52,""width"":129,""height"":270}","{""class"":""Front""}"
img_050.jpg,89732,"{""caption"":"""",""public_domain"":""no"",""image_url"":""""}",4,0,"{""name"":""rect"",""x"":59,""y"":22,""width"":81,""height"":74}","{""class"":""Front""}"
img_050.jpg,89732,"{""caption"":"""",""public_domain"":""no"",""image_url"":""""}",4,1,"{""name"":""rect"",""x"":173,""y"":26,""width"":78,""height"":70}","{""class"":""Front""}"
img_050.jpg,89732,"{""caption"":"""",""public_domain"":""no"",""image_url"":""""}",4,2,"{""name"":""rect"",""x"":268,""y"":28,""width"":77,""height"":80}","{""class"":""Front""}"
img_050.jpg,89732,"{""caption"":"""",""public_domain"":""no"",""image_url"":""""}",4,3,"{""name"":""rect"",""x"":2,""y"":54,""width"":45,""height"":43}","{""class"":""Front""}"
img_051.jpg,51635,"{""caption"":"""",""public_domain"":""no"",""image_url"":""""}",1,0,"{""name"":""rect"",""x"":137,""y"":20,""width"":97,""height"":89}","{""class"":""Front""}"
img_052.jpg,56667,"{""caption"":"""",""public_domain"":""no"",""image_url"":""""}",3,0,"{""name"":""rect"",""x"":82,""y"":77,""width"":85,""height"":117}","{""class"":""Front""}"
img_052.jpg,56667,"{""caption"":"""",""public_domain"":""no"",""image_url"":""""}",3,1,"{""name"":""rect"",""x"":274,""y"":12,""width"":66,""height"":97}","{""class"":""Front""}"
img_052.jpg,56667,"{""caption"":"""",""public_domain"":""no"",""image_url"":""""}",3,2,"{""name"":""rect"",""x"":254,""y"":185,""width"":66,""height"":108}","{""class"":""Back""}"
img_053.jpg,85982,"{""caption"":"""",""public_domain"":""no"",""image_url"":""""}",4,0,"{""name"":""rect"",""x"":60,""y"":24,""width"":81,""height"":74}","{""class"":""Front""}"
img_053.jpg,85982,"{""caption"":"""",""public_domain"":""no"",""image_url"":""""}",4,1,"{""name"":""rect"",""x"":157,""y"":62,""width"":44,""height"":56}","{""class"":""Front""}"
img_053.jpg,85982,"{""caption"":"""",""public_domain"":""no"",""image_url"":""""}",4,2,"{""name"":""rect"",""x"":225,""y"":34,""width"":52,""height"":59}","{""class"":""Front""}"
img_053.jpg,85982,"{""caption"":"""",""public_domain"":""no"",""image_url"":""""}",4,3,"{""name"":""rect"",""x"":298,""y"":46,""width"":64,""height"":59}","{""class"":""Left""}"
img_054.jpg,87978,"{""caption"":"""",""public_domain"":""no"",""image_url"":""""}",7,0,"{""name"":""rect"",""x"":192,""y"":27,""width"":41,""height"":64}","{""class"":""Right""}"
img_054.jpg,87978,"{""caption"":"""",""public_domain"":""no"",""image_url"":""""}",7,1,"{""name"":""rect"",""x"":134,""y"":32,""width"":37,""height"":65}","{""class"":""Left""}"
img_054.jpg,87978,"{""caption"":"""",""public_domain"":""no"",""image_url"":""""}",7,2,"{""name"":""rect"",""x"":329,""y"":18,""width"":41,""height"":66}","{""class"":""Right""}"
img_054.jpg,87978,"{""caption"":"""",""public_domain"":""no"",""image_url"":""""}",7,3,"{""name"":""rect"",""x"":272,""y"":13,""width"":31,""height"":64}","{""class"":""Left""}"
img_054.jpg,87978,"{""caption"":"""",""public_domain"":""no"",""image_url"":""""}",7,4,"{""name"":""rect"",""x"":231,""y"":6,""width"":31,""height"":59}","{""class"":""Left""}"
img_054.jpg,87978,"{""caption"":"""",""public_domain"":""no"",""image_url"":""""}",7,5,"{""name"":""rect"",""x"":75,""y"":33,""width"":37,""height"":67}","{""class"":""Right""}"
img_054.jpg,87978,"{""caption"":"""",""public_domain"":""no"",""image_url"":""""}",7,6,"{""name"":""rect"",""x"":24,""y"":5,""width"":46,""height"":60}","{""class"":""Right""}"
img_055.jpg,67945,"{""caption"":"""",""public_domain"":""no"",""image_url"":""""}",2,0,"{""name"":""rect"",""x"":83,""y"":18,""width"":73,""height"":105}","{""class"":""Front""}"
img_055.jpg,67945,"{""caption"":"""",""public_domain"":""no"",""image_url"":""""}",2,1,"{""name"":""rect"",""x"":258,""y"":15,""width"":69,""height"":87}","{""class"":""Right""}"
img_056.jpg,32930,"{""caption"":"""",""public_domain"":""no"",""image_url"":""""}",1,0,"{""name"":""rect"",""x"":106,""y"":12,""width"":111,""height"":151}","{""class"":""Left""}"
img_057.jpg,68343,"{""caption"":"""",""public_domain"":""no"",""image_url"":""""}",1,0,"{""name"":""rect"",""x"":215,""y"":129,""width"":80,""height"":108}","{""class"":""Down""}"
img_058.jpg,127882,"{""caption"":"""",""public_domain"":""no"",""image_url"":""""}",3,0,"{""name"":""rect"",""x"":68,""y"":33,""width"":46,""height"":70}","{""class"":""Right""}"
img_058.jpg,127882,"{""caption"":"""",""public_domain"":""no"",""image_url"":""""}",3,1,"{""name"":""rect"",""x"":223,""y"":63,""width"":36,""height"":65}","{""class"":""Front""}"
img_058.jpg,127882,"{""caption"":"""",""public_domain"":""no"",""image_url"":""""}",3,2,"{""name"":""rect"",""x"":333,""y"":79,""width"":41,""height"":57}","{""class"":""Down""}"
img_059.jpg,61234,"{""caption"":"""",""public_domain"":""no"",""image_url"":""""}",4,0,"{""name"":""rect"",""x"":90,""y"":29,""width"":38,""height"":79}","{""class"":""Front""}"
img_059.jpg,61234,"{""caption"":"""",""public_domain"":""no"",""image_url"":""""}",4,1,"{""name"":""rect"",""x"":155,""y"":39,""width"":34,""height"":67}","{""class"":""Front""}"
img_059.jpg,61234,"{""caption"":"""",""public_domain"":""no"",""image_url"":""""}",4,2,"{""name"":""rect"",""x"":206,""y"":61,""width"":31,""height"":67}","{""class"":""Front""}"
img_059.jpg,61234,"{""caption"":"""",""public_domain"":""no"",""image_url"":""""}",4,3,"{""name"":""rect"",""x"":271,""y"":63,""width"":41,""height"":51}","{""class"":""Front""}"
img_060.jpg,60958,"{""caption"":"""",""public_domain"":""no"",""image_url"":""""}",3,0,"{""name"":""rect"",""x"":50,""y"":15,""width"":46,""height"":63}","{""class"":""Right""}"
img_060.jpg,60958,"{""caption"":"""",""public_domain"":""no"",""image_url"":""""}",3,1,"{""name"":""rect"",""x"":152,""y"":19,""width"":40,""height"":65}","{""class"":""Front""}"
img_060.jpg,60958,"{""caption"":"""",""public_domain"":""no"",""image_url"":""""}",3,2,"{""name"":""rect"",""x"":189,""y"":154,""width"":47,""height"":57}","{""class"":""Right""}"
img_061.jpg,82948,"{""caption"":"""",""public_domain"":""no"",""image_url"":""""}",5,0,"{""name"":""rect"",""x"":6,""y"":4,""width"":64,""height"":105}","{""class"":""Front""}"
img_061.jpg,82948,"{""caption"":"""",""public_domain"":""no"",""image_url"":""""}",5,1,"{""name"":""rect"",""x"":90,""y"":10,""width"":58,""height"":120}","{""class"":""Front""}"
img_061.jpg,82948,"{""caption"":"""",""public_domain"":""no"",""image_url"":""""}",5,2,"{""name"":""rect"",""x"":171,""y"":5,""width"":51,""height"":115}","{""class"":""Front""}"
img_061.jpg,82948,"{""caption"":"""",""public_domain"":""no"",""image_url"":""""}",5,3,"{""name"":""rect"",""x"":253,""y"":7,""width"":56,""height"":111}","{""class"":""Front""}"
img_061.jpg,82948,"{""caption"":"""",""public_domain"":""no"",""image_url"":""""}",5,4,"{""name"":""rect"",""x"":332,""y"":5,""width"":53,""height"":114}","{""class"":""Front""}"
img_062.jpg,62270,"{""caption"":"""",""public_domain"":""no"",""image_url"":""""}",1,0,"{""name"":""rect"",""x"":179,""y"":10,""width"":109,""height"":141}","{""class"":""Left""}"
img_063.jpg,70045,"{""caption"":"""",""public_domain"":""no"",""image_url"":""""}",2,0,"{""name"":""rect"",""x"":5,""y"":8,""width"":145,""height"":182}","{""class"":""Left""}"
img_063.jpg,70045,"{""caption"":"""",""public_domain"":""no"",""image_url"":""""}",2,1,"{""name"":""rect"",""x"":265,""y"":52,""width"":122,""height"":183}","{""class"":""Down""}"
img_066.jpg,105792,"{""caption"":"""",""public_domain"":""no"",""image_url"":""""}",1,0,"{""name"":""rect"",""x"":123,""y"":15,""width"":157,""height"":117}","{""class"":""Right""}"
img_067.jpg,107258,"{""caption"":"""",""public_domain"":""no"",""image_url"":""""}",2,0,"{""name"":""rect"",""x"":68,""y"":43,""width"":60,""height"":78}","{""class"":""Down""}"
img_067.jpg,107258,"{""caption"":"""",""public_domain"":""no"",""image_url"":""""}",2,1,"{""name"":""rect"",""x"":286,""y"":40,""width"":46,""height"":67}","{""class"":""Left""}"
img_068.jpg,82328,"{""caption"":"""",""public_domain"":""no"",""image_url"":""""}",2,0,"{""name"":""rect"",""x"":6,""y"":28,""width"":157,""height"":173}","{""class"":""Right""}"
img_068.jpg,82328,"{""caption"":"""",""public_domain"":""no"",""image_url"":""""}",2,1,"{""name"":""rect"",""x"":190,""y"":108,""width"":81,""height"":63}","{""class"":""Right""}"
img_070.jpg,42409,"{""caption"":"""",""public_domain"":""no"",""image_url"":""""}",1,0,"{""name"":""rect"",""x"":39,""y"":4,""width"":269,""height"":309}","{""class"":""Front""}"
img_071.jpg,54114,"{""caption"":"""",""public_domain"":""no"",""image_url"":""""}",1,0,"{""name"":""rect"",""x"":144,""y"":39,""width"":94,""height"":87}","{""class"":""Front""}"
img_072.jpg,48721,"{""caption"":"""",""public_domain"":""no"",""image_url"":""""}",1,0,"{""name"":""rect"",""x"":208,""y"":37,""width"":95,""height"":136}","{""class"":""Left""}"
img_073.jpg,67664,"{""caption"":"""",""public_domain"":""no"",""image_url"":""""}",2,0,"{""name"":""rect"",""x"":103,""y"":39,""width"":103,""height"":91}","{""class"":""Right""}"
img_073.jpg,67664,"{""caption"":"""",""public_domain"":""no"",""image_url"":""""}",2,1,"{""name"":""rect"",""x"":268,""y"":7,""width"":94,""height"":100}","{""class"":""Right""}"
img_075.jpg,70925,"{""caption"":"""",""public_domain"":""no"",""image_url"":""""}",2,0,"{""name"":""rect"",""x"":152,""y"":114,""width"":66,""height"":77}","{""class"":""Right""}"
img_075.jpg,70925,"{""caption"":"""",""public_domain"":""no"",""image_url"":""""}",2,1,"{""name"":""rect"",""x"":260,""y"":84,""width"":56,""height"":79}","{""class"":""Front""}"
img_076.jpg,75413,"{""caption"":"""",""public_domain"":""no"",""image_url"":""""}",3,0,"{""name"":""rect"",""x"":65,""y"":189,""width"":77,""height"":119}","{""class"":""Front""}"
img_076.jpg,75413,"{""caption"":"""",""public_domain"":""no"",""image_url"":""""}",3,1,"{""name"":""rect"",""x"":167,""y"":193,""width"":70,""height"":106}","{""class"":""Front""}"
img_076.jpg,75413,"{""caption"":"""",""public_domain"":""no"",""image_url"":""""}",3,2,"{""name"":""rect"",""x"":250,""y"":1,""width"":140,""height"":231}","{""class"":""Left""}"
img_077.jpg,59915,"{""caption"":"""",""public_domain"":""no"",""image_url"":""""}",5,0,"{""name"":""rect"",""x"":225,""y"":224,""width"":35,""height"":31}","{""class"":""Back""}"
img_077.jpg,59915,"{""caption"":"""",""public_domain"":""no"",""image_url"":""""}",5,1,"{""name"":""rect"",""x"":150,""y"":255,""width"":29,""height"":23}","{""class"":""Back""}"
img_077.jpg,59915,"{""caption"":"""",""public_domain"":""no"",""image_url"":""""}",5,2,"{""name"":""rect"",""x"":310,""y"":214,""width"":26,""height"":37}","{""class"":""Back""}"
img_077.jpg,59915,"{""caption"":"""",""public_domain"":""no"",""image_url"":""""}",5,3,"{""name"":""rect"",""x"":221,""y"":128,""width"":24,""height"":26}","{""class"":""Back""}"
img_077.jpg,59915,"{""caption"":"""",""public_domain"":""no"",""image_url"":""""}",5,4,"{""name"":""rect"",""x"":185,""y"":160,""width"":26,""height"":44}","{""class"":""Down""}"
img_078.jpg,24474,"{""caption"":"""",""public_domain"":""no"",""image_url"":""""}",1,0,"{""name"":""rect"",""x"":6,""y"":14,""width"":382,""height"":379}","{""class"":""Front""}"
img_079.jpg,70084,"{""caption"":"""",""public_domain"":""no"",""image_url"":""""}",2,0,"{""name"":""rect"",""x"":159,""y"":22,""width"":153,""height"":144}","{""class"":""Left""}"
img_079.jpg,70084,"{""caption"":"""",""public_domain"":""no"",""image_url"":""""}",2,1,"{""name"":""rect"",""x"":55,""y"":98,""width"":95,""height"":77}","{""class"":""DownLeft""}"
img_080.jpg,73752,"{""caption"":"""",""public_domain"":""no"",""image_url"":""""}",2,0,"{""name"":""rect"",""x"":38,""y"":28,""width"":102,""height"":115}","{""class"":""Right""}"
img_080.jpg,73752,"{""caption"":"""",""public_domain"":""no"",""image_url"":""""}",2,1,"{""name"":""rect"",""x"":202,""y"":20,""width"":81,""height"":105}","{""class"":""Left""}"
img_081.jpg,39380,"{""caption"":"""",""public_domain"":""no"",""image_url"":""""}",1,0,"{""name"":""rect"",""x"":51,""y"":258,""width"":128,""height"":107}","{""class"":""Up""}"
img_082.jpg,97534,"{""caption"":"""",""public_domain"":""no"",""image_url"":""""}",2,0,"{""name"":""rect"",""x"":116,""y"":34,""width"":54,""height"":72}","{""class"":""Front""}"
img_082.jpg,97534,"{""caption"":"""",""public_domain"":""no"",""image_url"":""""}",2,1,"{""name"":""rect"",""x"":204,""y"":28,""width"":62,""height"":60}","{""class"":""Front""}"
img_083.jpg,81209,"{""caption"":"""",""public_domain"":""no"",""image_url"":""""}",4,0,"{""name"":""rect"",""x"":130,""y"":1,""width"":74,""height"":52}","{""class"":""Right""}"
img_083.jpg,81209,"{""caption"":"""",""public_domain"":""no"",""image_url"":""""}",4,1,"{""name"":""rect"",""x"":32,""y"":4,""width"":80,""height"":35}","{""class"":""Right""}"
img_083.jpg,81209,"{""caption"":"""",""public_domain"":""no"",""image_url"":""""}",4,2,"{""name"":""rect"",""x"":228,""y"":3,""width"":66,""height"":44}","{""class"":""Right""}"
img_083.jpg,81209,"{""caption"":"""",""public_domain"":""no"",""image_url"":""""}",4,3,"{""name"":""rect"",""x"":327,""y"":-1,""width"":55,""height"":49}","{""class"":""Right""}"
img_084.jpg,63232,"{""caption"":"""",""public_domain"":""no"",""image_url"":""""}",1,0,"{""name"":""rect"",""x"":95,""y"":71,""width"":173,""height"":188}","{""class"":""UpRight""}"
img_086.jpg,75468,"{""caption"":"""",""public_domain"":""no"",""image_url"":""""}",1,0,"{""name"":""rect"",""x"":140,""y"":129,""width"":207,""height"":258}","{""class"":""Right""}"
img_087.jpg,77876,"{""caption"":"""",""public_domain"":""no"",""image_url"":""""}",3,0,"{""name"":""rect"",""x"":123,""y"":41,""width"":127,""height"":144}","{""class"":""Left""}"
img_087.jpg,77876,"{""caption"":"""",""public_domain"":""no"",""image_url"":""""}",3,1,"{""name"":""rect"",""x"":25,""y"":273,""width"":62,""height"":88}","{""class"":""Front""}"
img_087.jpg,77876,"{""caption"":"""",""public_domain"":""no"",""image_url"":""""}",3,2,"{""name"":""rect"",""x"":308,""y"":282,""width"":72,""height"":93}","{""class"":""Front""}"
img_088.jpg,61584,"{""caption"":"""",""public_domain"":""no"",""image_url"":""""}",5,0,"{""name"":""rect"",""x"":43,""y"":73,""width"":63,""height"":64}","{""class"":""Front""}"
img_088.jpg,61584,"{""caption"":"""",""public_domain"":""no"",""image_url"":""""}",5,1,"{""name"":""rect"",""x"":147,""y"":24,""width"":62,""height"":65}","{""class"":""Front""}"
img_088.jpg,61584,"{""caption"":"""",""public_domain"":""no"",""image_url"":""""}",5,2,"{""name"":""rect"",""x"":181,""y"":152,""width"":53,""height"":68}","{""class"":""Front""}"
img_088.jpg,61584,"{""caption"":"""",""public_domain"":""no"",""image_url"":""""}",5,3,"{""name"":""rect"",""x"":245,""y"":112,""width"":52,""height"":61}","{""class"":""Front""}"
img_088.jpg,61584,"{""caption"":"""",""public_domain"":""no"",""image_url"":""""}",5,4,"{""name"":""rect"",""x"":307,""y"":84,""width"":49,""height"":82}","{""class"":""Front""}"
img_089.jpg,65724,"{""caption"":"""",""public_domain"":""no"",""image_url"":""""}",2,0,"{""name"":""rect"",""x"":6,""y"":84,""width"":113,""height"":154}","{""class"":""Front""}"
img_089.jpg,65724,"{""caption"":"""",""public_domain"":""no"",""image_url"":""""}",2,1,"{""name"":""rect"",""x"":197,""y"":18,""width"":145,""height"":136}","{""class"":""Front""}"
img_090.jpg,49345,"{""caption"":"""",""public_domain"":""no"",""image_url"":""""}",1,0,"{""name"":""rect"",""x"":134,""y"":66,""width"":172,""height"":320}","{""class"":""Front""}"
img_091.jpg,66014,"{""caption"":"""",""public_domain"":""no"",""image_url"":""""}",2,0,"{""name"":""rect"",""x"":33,""y"":71,""width"":104,""height"":124}","{""class"":""Front""}"
img_091.jpg,66014,"{""caption"":"""",""public_domain"":""no"",""image_url"":""""}",2,1,"{""name"":""rect"",""x"":276,""y"":74,""width"":89,""height"":98}","{""class"":""Front""}"
img_092.jpg,83238,"{""caption"":"""",""public_domain"":""no"",""image_url"":""""}",3,0,"{""name"":""rect"",""x"":164,""y"":5,""width"":94,""height"":88}","{""class"":""Right""}"
img_092.jpg,83238,"{""caption"":"""",""public_domain"":""no"",""image_url"":""""}",3,1,"{""name"":""rect"",""x"":289,""y"":101,""width"":82,""height"":97}","{""class"":""Right""}"
img_092.jpg,83238,"{""caption"":"""",""public_domain"":""no"",""image_url"":""""}",3,2,"{""name"":""rect"",""x"":2,""y"":34,""width"":38,""height"":67}","{""class"":""Right""}"
img_093.jpg,56270,"{""caption"":"""",""public_domain"":""no"",""image_url"":""""}",1,0,"{""name"":""rect"",""x"":231,""y"":7,""width"":106,""height"":125}","{""class"":""Left""}"
img_094.jpg,51424,"{""caption"":"""",""public_domain"":""no"",""image_url"":""""}",1,0,"{""name"":""rect"",""x"":178,""y"":6,""width"":128,""height"":151}","{""class"":""Front""}"
img_095.jpg,68966,"{""caption"":"""",""public_domain"":""no"",""image_url"":""""}",1,0,"{""name"":""rect"",""x"":147,""y"":17,""width"":99,""height"":104}","{""class"":""Front""}"
img_096.jpg,67936,"{""caption"":"""",""public_domain"":""no"",""image_url"":""""}",2,0,"{""name"":""rect"",""x"":135,""y"":25,""width"":117,""height"":111}","{""class"":""Right""}"
img_096.jpg,67936,"{""caption"":"""",""public_domain"":""no"",""image_url"":""""}",2,1,"{""name"":""rect"",""x"":275,""y"":50,""width"":89,""height"":104}","{""class"":""Back""}"
img_097.jpg,86084,"{""caption"":"""",""public_domain"":""no"",""image_url"":""""}",3,0,"{""name"":""rect"",""x"":150,""y"":105,""width"":88,""height"":72}","{""class"":""Right""}"
img_097.jpg,86084,"{""caption"":"""",""public_domain"":""no"",""image_url"":""""}",3,1,"{""name"":""rect"",""x"":240,""y"":91,""width"":43,""height"":66}","{""class"":""Front""}"
img_097.jpg,86084,"{""caption"":"""",""public_domain"":""no"",""image_url"":""""}",3,2,"{""name"":""rect"",""x"":13,""y"":125,""width"":66,""height"":91}","{""class"":""Right""}"
img_098.jpg,57912,"{""caption"":"""",""public_domain"":""no"",""image_url"":""""}",4,0,"{""name"":""rect"",""x"":252,""y"":215,""width"":75,""height"":108}","{""class"":""Left""}"
img_098.jpg,57912,"{""caption"":"""",""public_domain"":""no"",""image_url"":""""}",4,1,"{""name"":""rect"",""x"":169,""y"":241,""width"":63,""height"":85}","{""class"":""Left""}"
img_098.jpg,57912,"{""caption"":"""",""public_domain"":""no"",""image_url"":""""}",4,2,"{""name"":""rect"",""x"":110,""y"":251,""width"":50,""height"":69}","{""class"":""Left""}"
img_098.jpg,57912,"{""caption"":"""",""public_domain"":""no"",""image_url"":""""}",4,3,"{""name"":""rect"",""x"":56,""y"":255,""width"":45,""height"":65}","{""class"":""Left""}"
img_099.jpg,70255,"{""caption"":"""",""public_domain"":""no"",""image_url"":""""}",2,0,"{""name"":""rect"",""x"":129,""y"":3,""width"":88,""height"":78}","{""class"":""Front""}"
img_099.jpg,70255,"{""caption"":"""",""public_domain"":""no"",""image_url"":""""}",2,1,"{""name"":""rect"",""x"":238,""y"":6,""width"":90,""height"":88}","{""class"":""Front""}"
img_100.jpg,77861,"{""caption"":"""",""public_domain"":""no"",""image_url"":""""}",1,0,"{""name"":""rect"",""x"":155,""y"":45,""width"":110,""height"":145}","{""class"":""Front""}"
img_101.jpg,67815,"{""caption"":"""",""public_domain"":""no"",""image_url"":""""}",2,0,"{""name"":""rect"",""x"":192,""y"":12,""width"":114,""height"":111}","{""class"":""DownLeft""}"
img_101.jpg,67815,"{""caption"":"""",""public_domain"":""no"",""image_url"":""""}",2,1,"{""name"":""rect"",""x"":103,""y"":93,""width"":116,""height"":109}","{""class"":""UpRight""}"
img_102.jpg,23815,"{""caption"":"""",""public_domain"":""no"",""image_url"":""""}",1,0,"{""name"":""rect"",""x"":229,""y"":58,""width"":69,""height"":69}","{""class"":""Left""}"
img_103.jpg,94022,"{""caption"":"""",""public_domain"":""no"",""image_url"":""""}",4,0,"{""name"":""rect"",""x"":46,""y"":120,""width"":55,""height"":86}","{""class"":""Front""}"
img_103.jpg,94022,"{""caption"":"""",""public_domain"":""no"",""image_url"":""""}",4,1,"{""name"":""rect"",""x"":171,""y"":106,""width"":51,""height"":67}","{""class"":""Front""}"
img_103.jpg,94022,"{""caption"":"""",""public_domain"":""no"",""image_url"":""""}",4,2,"{""name"":""rect"",""x"":103,""y"":103,""width"":56,""height"":68}","{""class"":""Front""}"
img_103.jpg,94022,"{""caption"":"""",""public_domain"":""no"",""image_url"":""""}",4,3,"{""name"":""rect"",""x"":268,""y"":97,""width"":59,""height"":73}","{""class"":""Right""}"
img_104.jpg,76387,"{""caption"":"""",""public_domain"":""no"",""image_url"":""""}",6,0,"{""name"":""rect"",""x"":35,""y"":101,""width"":39,""height"":41}","{""class"":""Front""}"
img_104.jpg,76387,"{""caption"":"""",""public_domain"":""no"",""image_url"":""""}",6,1,"{""name"":""rect"",""x"":103,""y"":113,""width"":37,""height"":40}","{""class"":""Front""}"
img_104.jpg,76387,"{""caption"":"""",""public_domain"":""no"",""image_url"":""""}",6,2,"{""name"":""rect"",""x"":155,""y"":109,""width"":31,""height"":44}","{""class"":""Front""}"
img_104.jpg,76387,"{""caption"":"""",""public_domain"":""no"",""image_url"":""""}",6,3,"{""name"":""rect"",""x"":212,""y"":103,""width"":27,""height"":44}","{""class"":""Front""}"
img_104.jpg,76387,"{""caption"":"""",""public_domain"":""no"",""image_url"":""""}",6,4,"{""name"":""rect"",""x"":264,""y"":108,""width"":27,""height"":46}","{""class"":""Front""}"
img_104.jpg,76387,"{""caption"":"""",""public_domain"":""no"",""image_url"":""""}",6,5,"{""name"":""rect"",""x"":319,""y"":95,""width"":37,""height"":49}","{""class"":""Front""}"
img_105.jpg,74625,"{""caption"":"""",""public_domain"":""no"",""image_url"":""""}",2,0,"{""name"":""rect"",""x"":76,""y"":68,""width"":72,""height"":102}","{""class"":""Front""}"
img_105.jpg,74625,"{""caption"":"""",""public_domain"":""no"",""image_url"":""""}",2,1,"{""name"":""rect"",""x"":216,""y"":68,""width"":100,""height"":89}","{""class"":""Front""}"
img_106.jpg,78777,"{""caption"":"""",""public_domain"":""no"",""image_url"":""""}",2,0,"{""name"":""rect"",""x"":151,""y"":100,""width"":50,""height"":78}","{""class"":""Front""}"
img_106.jpg,78777,"{""caption"":"""",""public_domain"":""no"",""image_url"":""""}",2,1,"{""name"":""rect"",""x"":207,""y"":71,""width"":74,""height"":77}","{""class"":""Front""}"
img_107.jpg,78459,"{""caption"":"""",""public_domain"":""no"",""image_url"":""""}",1,0,"{""name"":""rect"",""x"":79,""y"":36,""width"":152,""height"":171}","{""class"":""Front""}"
img_108.jpg,63793,"{""caption"":"""",""public_domain"":""no"",""image_url"":""""}",2,0,"{""name"":""rect"",""x"":99,""y"":117,""width"":48,""height"":57}","{""class"":""UpRight""}"
img_108.jpg,63793,"{""caption"":"""",""public_domain"":""no"",""image_url"":""""}",2,1,"{""name"":""rect"",""x"":169,""y"":145,""width"":30,""height"":49}","{""class"":""Right""}"
img_109.jpg,61584,"{""caption"":"""",""public_domain"":""no"",""image_url"":""""}",1,0,"{""name"":""rect"",""x"":136,""y"":80,""width"":114,""height"":144}","{""class"":""Down""}"
img_110.jpg,44468,"{""caption"":"""",""public_domain"":""no"",""image_url"":""""}",2,0,"{""name"":""rect"",""x"":121,""y"":57,""width"":65,""height"":96}","{""class"":""Front""}"
img_110.jpg,44468,"{""caption"":"""",""public_domain"":""no"",""image_url"":""""}",2,1,"{""name"":""rect"",""x"":224,""y"":41,""width"":65,""height"":88}","{""class"":""Front""}"
img_111.jpg,83934,"{""caption"":"""",""public_domain"":""no"",""image_url"":""""}",2,0,"{""name"":""rect"",""x"":106,""y"":54,""width"":83,""height"":112}","{""class"":""Front""}"
img_111.jpg,83934,"{""caption"":"""",""public_domain"":""no"",""image_url"":""""}",2,1,"{""name"":""rect"",""x"":232,""y"":28,""width"":83,""height"":121}","{""class"":""Front""}"
img_112.jpg,52181,"{""caption"":"""",""public_domain"":""no"",""image_url"":""""}",1,0,"{""name"":""rect"",""x"":164,""y"":38,""width"":133,""height"":194}","{""class"":""Left""}"